{"name":"Success","responseCode":2000,"message":"Request Completed Successfully","data":{"jobCount":3522,"insuranceTotal":69359320.39000012,"upgrades":6239219.860000001,"addWork":684507.4300000004,"changeOrders":1537965.2800000005,"repair":71536.91,"retail":1922575.23,"wnd":2308278.9899999998,"credits":155327.63999999996,"supplementTotal":9238345.439999994,"overheadExpenseTotal":12820324.550000044,"materialExpenseTotal":18557002.70000003,"laborExpenseTotal":15496174.859999973}}