{"name":"Success","responseCode":2000,"message":"Request Completed Successfully","data":{"retailCount":151,"repairCount":66,"insuranceCount":7874,"insuranceConversionCount":175,"unknownCount":108,"nonrecoverableCount":1,"addOnCount":24,"publicAdjusterCount":19,"roofingSquares":25.759469438411394,"sidingSquares":16.85266203703703,"approvalPercentage":51.23114606162176,"projectLifecycle":191.15148911798397,"daysInBalancePending":26.55337904015671,"daysForInstall":40.197916666666664,"leadConversion":99.370188943317,"leadClosed":52.9741077676697}}